{"cameraMode":{"drawMode":0,"name":"Shaded","section":"Shading Mode"},"sceneLighting":true,"audioPlay":false,"sceneViewState":{"m_AlwaysRefresh":false,"showFog":true,"showSkybox":true,"showFlares":true,"showImageEffects":true,"showParticleSystems":true,"showVisualEffectGraphs":true,"m_FxEnabled":true},"in2DMode":false,"pivot":{"x":60.53562927246094,"y":23.645112991333009,"z":-393.0929870605469},"rotation":{"x":0.2007831186056137,"y":-0.23824790120124818,"z":0.050348810851573947,"w":0.9489282965660095},"size":11.833184242248536,"orthographic":false}